id,created_at,updated_at,deleted_at,name,description,tags,repo_link,comm_channel,readme_link,project_status,last_pull_time,commit_count,pull_count,lines_added,lines_removed,contributors,pulls,mentor_id,secondary_mentor_id,status_remark
109,2023-11-29 16:28:19.595334+00,2023-11-29 16:28:19.595334+00,,VigyBag,vigyBag is an Ecommerce website which is help to buy product near to shop - Location based shopping solution,"Html,CSS,JavaScript, Kotlin, Django",https://github.com/codervivek5/vigyBag/,https://discord.gg/pkzWGuBY,https://github.com/codervivek5/VigyBag/blob/main/README.md,false,0,0,0,0,0,,,88,,
95,2023-11-26 18:30:20.902188+00,2023-11-26 18:30:20.902188+00,,"Vlab Solutions ",This project is a web application designed to assist colleges and students in managing their assignment works and conducting tests online. The platform is built using React for the frontend and Node.js with Express.js for the backend. MongoDB serves as the database to store essential information.,"Reactjs, Javascript, Html,Css, and backend Technologies",https://github.com/officialarmannqureshi/vlabsolutions,https://discord.com/invite/yM2y9Tmk,https://github.com/officialarmannqureshi/vlabsolutions/blob/main/README.md,true,1702487436,2,2,87,3,"manzil-infinity180,pinak22dhir","https://github.com/officialarmannqureshi/vlabsolutions/pull/25,https://github.com/officialarmannqureshi/vlabsolutions/pull/22",71,,
80,2023-11-23 16:52:54.639776+00,2023-11-23 16:52:54.639776+00,,Drive_BOX,"Drive-BOX is a collaborative platform where users can log in, upload their projects, and collaborate with others. The project is hosted on a web hosting website named ""railway,"" making it accessible to users worldwide. Its functionality is similar to that of GitHub, providing a user-friendly interface for uploading and managing projects.","DJANGO PYTHON HTML JS ",https://github.com/pratt0007/Drive_BOX,https://discord.gg/84NZ5bgz,https://github.com/pratt0007/Drive_BOX/blob/main/README.md,true,1702877706,2,2,221,59,"ShreyaBose04,pinak22dhir","https://github.com/pratt0007/Drive_BOX/pull/10,https://github.com/pratt0007/Drive_BOX/pull/9",45,41,
135,2023-12-12 16:13:06.260627+00,2023-12-12 16:13:06.260627+00,,MetaKGP Wiki,"The containerized source code for the MetaKGP community wiki, built with MediaWiki.","php,mediawiki,docker,nginx",https://github.com/metakgp/metakgp-wiki,https://slack.metakgp.org/,https://github.com/metakgp/metakgp-wiki#readme,true,1703238162,6,3,57,8,shikharish,"https://github.com/metakgp/metakgp-wiki/pull/121,https://github.com/metakgp/metakgp-wiki/pull/117,https://github.com/metakgp/metakgp-wiki/pull/116",8,7,
45,2023-11-14 11:53:58.441568+00,2023-11-14 11:53:58.441568+00,,Devlabs," Devlabs is an application that is used to search for free tools that are both free and helpful for our needs. It is built by the amazing open-source community","javascript, html, css, reactjs, nodejs, expressjs",https://github.com/HimanshuNarware/Devlabs,https://discord.gg/4NyeYC2n4j,https://github.com/HimanshuNarware/Devlabs/blob/main/README.md,true,1703081733,5,3,304,81,"anand-harsh,tushar-daiya","https://github.com/HimanshuNarware/Devlabs/pull/186,https://github.com/HimanshuNarware/Devlabs/pull/184,https://github.com/HimanshuNarware/Devlabs/pull/181",6,,
44,2023-11-14 07:24:07.358444+00,2023-11-26 18:23:01.414787+00,,Expiration Date Tracker,"WasteNot is a web application designed to help users keep track of their food items, manage expiration dates, and make informed grocery decisions. The app includes features such as user authentication, food item addition through various methods (receipt, photo, barcode), and timely reminders about expiring items.","MERN, Python, Machine Learning, Computer Vision",https://github.com/ishuonly/ExpirationDateTracker,https://github.com/ishuonly/ExpirationDateTracker/discussions,https://github.com/ishuonly/ExpirationDateTracker/discussions,true,1702060200,0,0,0,0,,,5,,
93,2023-11-26 07:57:35.16207+00,2023-11-26 07:57:35.16207+00,,MineDroid,"Chatbot to respond to text queries pertaining to various Acts, Rules, and Regulations applicable to Mining industries","python, streamlit, langchain,openai",https://github.com/SohamKukreti/MineDroid,https://discord.gg/arH3tRhVTq,https://github.com/SohamKukreti/MineDroid#readme,true,1702831069,0,1,60,1,pinak22dhir,https://github.com/SohamKukreti/MineDroid/pull/20,50,40,
94,2023-11-26 17:04:38.209218+00,2023-11-26 17:04:38.209218+00,,Resonate,An Open Source Social Voice Platform - Flutter Application,"flutter,appwrite,livekit",https://github.com/AOSSIE-Org/Resonate,https://discord.gg/HKnHDW4xTG,https://github.com/AOSSIE-Org/Resonate#readme,true,1704730385,0,0,0,0,,,70,,
106,2023-11-27 17:14:17.232992+00,2023-11-27 17:14:17.232992+00,,TeachGPT,TeachGPT is a open-source initiative focused on developing an AI-Powered Virtual Tutor. This innovative virtual tutor leverages the full potential of artificial intelligence to revolutionize the way we learn. The primary objective is to construct a Large Language Model(LLM) that dynamically adjusts to individual learning styles while delivering lifelike conversations through AI agents. This is complemented by seamless integration of speech recognition technology and the strategic incorporation of gamification methods .,"Python,NLP,AI &ML, LLM",https://github.com/Priyamakeshwari/TeachGPT,https://discord.gg/hEr97zTPtN,https://github.com/Priyamakeshwari/TeachGPT#readme,true,1702060200,0,0,0,0,,,82,81,
3,2023-11-13 23:41:22.355362+00,2023-11-13 23:41:22.355362+00,,Chillzone,Find a place to chill during class hours in IIT KGP,"iitkgp,golang,react,javascript,python",https://github.com/metakgp/chillzone,https://slack.metakgp.org,https://github.com/metakgp/chillzone#readme,true,1704787554,1,1,5182,3109,shikharish,https://github.com/metakgp/chillzone/pull/62,1,7,
136,2023-12-14 17:04:30.414333+00,2023-12-15 03:37:54.502826+00,,DoodleCollab,"Dynamic web application designed for seamless collaboration on mockup drawings. Whether you're sketching wireframes, designing user interfaces, or brainstorming ideas visually, it provides an intuitive platform where users can create, share, and collaborate in real-time.","reactjs, javascript, auth, nodejs, html",https://github.com/WikiPortal/DoodleCollab,https://discord.gg/VWHHr7ZqZR,https://github.com/WikiPortal/Doppler#readme,true,1704607060,7,4,391,12,"Paarisha1,Bikram-ghuku,Souvik34","https://github.com/WikiPortal/DoodleCollab/pull/30,https://github.com/WikiPortal/DoodleCollab/pull/29,https://github.com/WikiPortal/DoodleCollab/pull/20,https://github.com/WikiPortal/DoodleCollab/pull/31",111,,
122,2023-12-04 13:21:21.924985+00,2023-12-04 13:21:21.924985+00,,Linkscrape,"LinkScrape is a dynamic application designed to extract and collect essential links from specific websites. It operates by traversing through the pages of a designated site, meticulously capturing the names of embedded links along with their respective addresses. All you have to do is enter the link address in the placeholder and click on scrape. All the embedded links of that particular website is list down in the form of table with their names. Repeat the same process make sure to delete the previous history before considering another URL's.  Future implementation includes Content based Filtering UI/UX enhancement, AI driven tags, File extraction in CSV, JSON, Adding geolocation ,Analytical Dashboard","Django, HTML,CSS, Javascript, Django-admin",https://github.com/Shreya111111/Linkscrape,https://discord.com/channels/1134784875900186624/1134784876491575401,https://github.com/Shreya111111/Linkscrape#readme,true,1704208750,8,4,865,221,Touseef-md,"https://github.com/Shreya111111/Linkscrape/pull/15,https://github.com/Shreya111111/Linkscrape/pull/13,https://github.com/Shreya111111/Linkscrape/pull/12,https://github.com/Shreya111111/Linkscrape/pull/11",104,,
113,2023-11-30 18:22:50.414655+00,2023-11-30 18:22:50.414655+00,,Zoo,ZOO(for  Hostelers )- A Svelte-based project to streamline hostel management and student life.  Key Features:  Efficient room allocation system Mess management and feedback portal Maintenance request tracking Event calendar and visitor management,"svelte,tailwindcss,javascript,firebase",https://github.com/1palermo/Zoo,https://discord.gg/vd52kgC77J,https://github.com/1palermo/Zoo/blob/main/README.md,false,0,0,0,0,0,,,83,,
76,2023-11-21 06:04:07.462738+00,2023-11-26 21:41:51.303123+00,,NOSC Website,"We are the NIT Raipur Open Source Community (NOSC), a passionate group of individuals dedicated to the world of open source software. Our mission is to foster a culture of collaboration, learning, and innovation through open source projects and initiatives.  At NOSC, we believe in the power of open source to drive positive change, and we welcome contributors from all backgrounds and skill levels to join us in our journey.","JavaScript,HTML,CSS,beginner",https://github.com/NITRR-Open-Source-Community/NOSC-Website,https://discord.gg/s8pgtxNd7Z,https://github.com/NITRR-Open-Source-Community/NOSC-Website#nitrr-open-source-community-nosc,true,1704377355,15,11,818,276,"Shivam250702,rakesh-vajrapu,schoudhury2,harshpantdata,sristy17,Souvik34,Jaimin25,Abhishek-465,Omar-Nabil","https://github.com/NITRR-Open-Source-Community/NOSC-Website/pull/151,https://github.com/NITRR-Open-Source-Community/NOSC-Website/pull/149,https://github.com/NITRR-Open-Source-Community/NOSC-Website/pull/147,https://github.com/NITRR-Open-Source-Community/NOSC-Website/pull/146,https://github.com/NITRR-Open-Source-Community/NOSC-Website/pull/145,https://github.com/NITRR-Open-Source-Community/NOSC-Website/pull/143,https://github.com/NITRR-Open-Source-Community/NOSC-Website/pull/142,https://github.com/NITRR-Open-Source-Community/NOSC-Website/pull/139,https://github.com/NITRR-Open-Source-Community/NOSC-Website/pull/137,https://github.com/NITRR-Open-Source-Community/NOSC-Website/pull/134,https://github.com/NITRR-Open-Source-Community/NOSC-Website/pull/148",43,41,
117,2023-12-02 10:40:45.625362+00,2023-12-06 00:24:29.216746+00,,GameSphere,Our primary goal is to create a website where two or more friends can gather and play games online (such as multiplayer) without having to download any software or tools to their computers or mobile devices.," HTML, CSS, JavaScript, Bootstrap, WebSocket, jQuery, PHP, MySQL, Laravel",https://github.com/Durgesh4993/GameSphere3.0,https://discord.gg/65eUXc7NNc,https://github.com/Durgesh4993/GameSphere3.0#readme,false,0,0,0,0,0,,,25,,
133,2023-12-09 13:15:10.537241+00,2023-12-09 13:30:30.757561+00,,Swetify-Music,Welcome to Swetify-Music where you are going to groove on your favourite songs,"html,css,javascript,jquery",https://github.com/ShwetKhatri2001/Swetify-Music,https://discord.gg/mZNx9aQT,https://github.com/ShwetKhatri2001/Swetify-Music#readme,true,1704570738,57,9,4267,2341,"MADHURYAHAIT,sambitsingha,Mayank77maruti,rakesh-vajrapu,Yash-Ainapure,Preeti8021,Sami3160","https://github.com/ShwetKhatri2001/Swetify-Music/pull/59,https://github.com/ShwetKhatri2001/Swetify-Music/pull/55,https://github.com/ShwetKhatri2001/Swetify-Music/pull/50,https://github.com/ShwetKhatri2001/Swetify-Music/pull/48,https://github.com/ShwetKhatri2001/Swetify-Music/pull/42,https://github.com/ShwetKhatri2001/Swetify-Music/pull/40,https://github.com/ShwetKhatri2001/Swetify-Music/pull/29,https://github.com/ShwetKhatri2001/Swetify-Music/pull/25,https://github.com/ShwetKhatri2001/Swetify-Music/pull/20",95,,
91,2023-11-26 06:29:30.426722+00,2023-11-26 06:29:30.426722+00,,Face-X,Demonstration of different algorithms and operations on faces.,"Python,ML,ANN,CNN,IoT,OpenCV",https://github.com/akshitagupta15june/Face-X,https://discord.gg/Jmc97prqjb,https://github.com/akshitagupta15june/Face-X#readme,true,1703765165,0,0,0,0,,,61,,
69,2023-11-18 06:02:05.532284+00,2023-11-18 06:02:05.532284+00,,Get Your Freaking Electives,A simple script to find the depth and breadth electives available for you for subject registration,"python,iitkgp,erp,js,html,css",https://github.com/metakgp/gyfe,https://slack.metakgp.org,https://github.com/metakgp/gyfe#readme,true,1702060200,0,0,0,0,,,3,,
114,2023-11-30 19:36:17.617001+00,2023-11-30 19:36:17.617001+00,,Dify,Easily build and operate generative AI applications. Create Assistants API and GPTs based on any LLMs.,"javascript, typescript",https://github.com/Chanchal-D/Dify,https://discord.com/channels/@me,https://github.com/Chanchal-D/Dify/commit/5b1794a2ec24ed90dc4a5489e6c11921d4cfd336,false,0,0,0,0,0,,,94,,
64,2023-11-16 17:41:07.550613+00,2023-11-16 17:41:07.550613+00,,Mailing Scripts,Scripts for automation of mailing process for various affairs under KOSS,"iitkgp,python,mailing-automation,KOSS",https://github.com/kossiitkgp/mailing-scripts,https://join.slack.com/t/kwoc-proffapt/shared_invite/zt-270xklnwn-CjkBGJrJvvV2KgdW_~s7EA,https://github.com/kossiitkgp/mailing-scripts#readme,true,1703013397,1,1,1,1,jameel-azad,https://github.com/kossiitkgp/mailing-scripts/pull/9,3,,
134,2023-12-11 06:24:51.119791+00,2023-12-11 06:24:51.119791+00,,SwiftWave,SwiftWave is a self-hosted lightweight PaaS solution to deploy and manage your applications on any VPS without any hassle üëÄ,"docker,self-hosted,haproxy,heroku-alternative,paas",https://github.com/swiftwave-org/swiftwave,https://join.slack.com/t/swiftwave-team/shared_invite/zt-21n86aslx-aAvBi3hv1GigVA_XoXiu4Q,https://github.com/swiftwave-org/swiftwave/blob/develop/README.md,true,1704833755,0,0,0,0,,,110,,
119,2023-12-03 05:23:56.516747+00,2023-12-03 05:23:56.516747+00,,Grabtern-frontend,This is a part of a bigger project [Grabtern].. containing several microservice. This [ grabtern-frontend] is a frontend part of the project.,"javascript, nextjs, tailwind",https://github.com/anmode/grabtern-frontend,https://discord.gg/8ccqParF,https://github.com/anmode/grabtern-frontend#readme,true,1704534897,5,1,53,27,Hemant2335,https://github.com/anmode/grabtern-frontend/pull/822,98,,
59,2023-11-16 17:07:49.379556+00,2023-11-16 17:07:49.379556+00,,Code Runner,Implementation of code-runner in bash for compiling code files and executing them with one and only command,"bash,automation",https://github.com/proffapt/code-runner,https://join.slack.com/t/kwoc-proffapt/shared_invite/zt-270xklnwn-CjkBGJrJvvV2KgdW_~s7EA,https://github.com/proffapt/code-runner#readme,true,1702060200,0,0,0,0,,,3,,
90,2023-11-26 06:27:48.818614+00,2023-11-26 06:27:48.818614+00,,Moksh,Unlock your potential and achieve true balance in life with Moksh,"HTML,CSS,JS,ReactJs",https://github.com/akshitagupta15june/Moksh,https://discord.com/invite/Jmc97prqjb,https://github.com/akshitagupta15june/Moksh#readme,true,1702060200,0,0,0,0,,,61,,
65,2023-11-17 08:02:33.607822+00,2023-11-21 05:25:12.806901+00,,PGWeb Testing Harness,This tool is being used to test the official website of PostgreSQL. Some functionalities like storing reports to create an archive are left. You can go through the issues to help out with this project. You only need to know python for this project and experience with Selenium will be an added plus.,"python, selenium, github actions, automation, testing",https://github.com/destrex271/pgweb-testing-harness,,https://github.com/destrex271/pgweb-testing-harness#README,true,1704391843,0,0,0,0,,,28,,
132,2023-12-07 07:01:36.82231+00,2023-12-07 07:01:36.82231+00,,Weather app,"Provides weather details of different locations ",,https://github.com/ePSA-eJya/Temp-app.git,https://discord.com/invite/qNwWEbfP,https://github.com/ePSA-eJya/Temp-app/blob/main/README.md,false,0,0,0,0,0,,,102,,
81,2023-11-24 07:58:38.642273+00,2023-11-24 20:45:00.201128+00,,DLTA-AI,"DLTA-AI is the next generation of annotation tools, integrating the power of Computer Vision SOTA models to Labelme in a seamless expirence and intuitive workflow to make creating image datasets easier than ever before","python,pytorch,Computer Vision,Deep Learning",https://github.com/0ssamaak0/DLTA-AI,https://discord.gg/xB5eCBwm,https://github.com/0ssamaak0/DLTA-AI,true,1703893233,1,1,44,65,Om-Alve,https://github.com/0ssamaak0/DLTA-AI/pull/77,52,,
79,2023-11-22 16:52:56.631513+00,2023-12-05 12:06:20.311425+00,,Omilia,Omilia is a retro-themed game inspired from platformer games popular in the 90s with an added feature which makes it an educational game.This feature involves a set of questions in different languages which are asked after the player completes each level. TO move to the next level the player must give the right answer.,"python, pygame",https://github.com/SohamKukreti/omilia,https://discord.gg/KNm9jFTgwK,https://github.com/SohamKukreti/omilia#readme,true,1704481172,22,4,121,1988,"Devansh-bit,pinak22dhir,BAGUVIX456","https://github.com/SohamKukreti/omilia/pull/39,https://github.com/SohamKukreti/omilia/pull/36,https://github.com/SohamKukreti/omilia/pull/35,https://github.com/SohamKukreti/omilia/pull/41",49,48,
83,2023-11-24 17:03:45.677237+00,2023-12-18 08:17:00.800039+00,,CalcDiverse,CalcDiverse is a customized collection of calculators for various aspects of mathematics. Individuals with basic web development knowledge can create distinctive calculators and submit pull requests.,"Html, Css, JavaScript, Web Development",https://github.com/Rakesh9100/CalcDiverse,https://discord.gg/ZJvjd986,https://github.com/Rakesh9100/CalcDiverse/blob/main/README.md,,0,0,0,0,0,,,54,,
86,2023-11-25 07:35:10.203418+00,2023-11-25 07:35:34.891785+00,,CDS | Official Website,Official website for CodeDeployingSquad - The largest community of tomorrows open source developers,"CDS, JavaScript, TypeScript, CSS, HTML, Webgl, ReactJs, NextJs, ThreeJs, Pnpm, TailwindCSS, Framer-motion",https://github.com/CodeDeployingSquad/website,https://discord.com/invite/8SFAywV4M8,https://github.com/CodeDeployingSquad/website#readme,false,0,0,0,0,0,,,11,,
49,2023-11-15 05:54:47.76757+00,2023-11-15 05:54:47.76757+00,,community-website,A website aims to provide the students with information about all the tech opportunities.,"reactjs,mongodb,nodejs,expressjs,html,scss",https://github.com/HITK-TECH-Community/Community-Website,https://join.slack.com/t/hitkteckcommunity/shared_invite/zt-1lols7wdz-rtCFQYBUxlHltJXp3M8bYg,https://github.com/HITK-TECH-Community/Community-Website#readme,true,1702060200,0,0,0,0,,,4,,
42,2023-11-14 06:39:25.05061+00,2023-11-14 06:39:25.05061+00,,Get Your Freaking Timetable,Gets your timetable from ERP and adds it to your Google Calendar or gives you an ICS file which you can add in any common calendar application.,"timetable,iitkgp,google-calendar,python",https://github.com/metakgp/gyft,https://slack.metakgp.org,https://github.com/metakgp/gyft#readme,true,1703930736,2,1,21,15,Vector-013,https://github.com/metakgp/gyft/pull/126,3,7,
54,2023-11-16 16:43:42.25364+00,2023-11-16 16:43:42.25364+00,,"Blog Website ",This is a blog website where user can compose their blogs. The blogs are saved in database.,"html, css, javascript, ejs, mongodb, mongoose, nodejs",https://github.com/Kritika30032002/Blog_Website,https://discord.gg/k2uuqYN6Ga,https://github.com/Kritika30032002/Blog_Website#readme,true,1703928582,6,5,331,60,"YashSachan2,Yash-Ainapure,pinak22dhir","https://github.com/Kritika30032002/Blog_Website/pull/89,https://github.com/Kritika30032002/Blog_Website/pull/88,https://github.com/Kritika30032002/Blog_Website/pull/80,https://github.com/Kritika30032002/Blog_Website/pull/67,https://github.com/Kritika30032002/Blog_Website/pull/95",26,,
67,2023-11-17 16:54:45.528826+00,2023-11-17 16:54:45.528826+00,,Road Lane Detection System,"The main code initializes the video capture object using the provided video file path. It creates a named window ""Lane Detector"" and adds two trackbars for adjusting the Canny edge detection thresholds. The script then proceeds to process each frame of the video:","CI/CD, Docker, Python",https://github.com/elle-Bee/Road-Lane-Detection-System,https://t.me/+__4-ipvNiw0yNTY1,https://github.com/elle-Bee/Road-Lane-Detection-System/blob/main/README.md,true,1703958760,30,6,410,77,"kausthub-kannan,shubha987,asmitdeb,pinak22dhir,Dhruv-Pattel","https://github.com/elle-Bee/Road-Lane-Detection-System/pull/12,https://github.com/elle-Bee/Road-Lane-Detection-System/pull/11,https://github.com/elle-Bee/Road-Lane-Detection-System/pull/10,https://github.com/elle-Bee/Road-Lane-Detection-System/pull/7,https://github.com/elle-Bee/Road-Lane-Detection-System/pull/14,https://github.com/elle-Bee/Road-Lane-Detection-System/pull/15",33,,
123,2023-12-04 16:04:07.849021+00,2023-12-04 16:04:07.849021+00,,Spendwise,"Spendwise: Your intuitive, user-friendly expense tracker. Seamlessly manage and understand your finances with simplicity and precision. Track, analyze, and take control of your expenses effortlessly.","React, Nodejs, Express, MongoDB, Firebase, Tailwind, CSS",https://github.com/ani1609/Spendwise,https://join.slack.com/t/spendwisegroup/shared_invite/zt-28g7vaeb4-ZZbfrM8cpb6j~EEoWvWR2A,https://github.com/ani1609/Spendwise/blob/main/README.md,true,1704648059,131,49,26611,25588,"GautamRaj-12,Nupoor10,Anuj-Gill,SHIVAA17,anand-harsh,chandiran-v,mendacium-a11y,C0DE-SLAYER,Jaimin25,harshikagoyal14,DevHrithik,SharmaDhruv2511,AnupK1234,tushar-daiya,Sumandalai,ayann07,Paarisha1,Bikram-ghuku","https://github.com/ani1609/Spendwise/pull/263,https://github.com/ani1609/Spendwise/pull/254,https://github.com/ani1609/Spendwise/pull/253,https://github.com/ani1609/Spendwise/pull/252,https://github.com/ani1609/Spendwise/pull/249,https://github.com/ani1609/Spendwise/pull/248,https://github.com/ani1609/Spendwise/pull/247,https://github.com/ani1609/Spendwise/pull/240,https://github.com/ani1609/Spendwise/pull/237,https://github.com/ani1609/Spendwise/pull/232,https://github.com/ani1609/Spendwise/pull/226,https://github.com/ani1609/Spendwise/pull/225,https://github.com/ani1609/Spendwise/pull/224,https://github.com/ani1609/Spendwise/pull/222,https://github.com/ani1609/Spendwise/pull/221,https://github.com/ani1609/Spendwise/pull/220,https://github.com/ani1609/Spendwise/pull/218,https://github.com/ani1609/Spendwise/pull/212,https://github.com/ani1609/Spendwise/pull/211,https://github.com/ani1609/Spendwise/pull/210,https://github.com/ani1609/Spendwise/pull/209,https://github.com/ani1609/Spendwise/pull/206,https://github.com/ani1609/Spendwise/pull/202,https://github.com/ani1609/Spendwise/pull/201,https://github.com/ani1609/Spendwise/pull/200,https://github.com/ani1609/Spendwise/pull/199,https://github.com/ani1609/Spendwise/pull/197,https://github.com/ani1609/Spendwise/pull/196,https://github.com/ani1609/Spendwise/pull/188,https://github.com/ani1609/Spendwise/pull/186,https://github.com/ani1609/Spendwise/pull/183,https://github.com/ani1609/Spendwise/pull/171,https://github.com/ani1609/Spendwise/pull/162,https://github.com/ani1609/Spendwise/pull/160,https://github.com/ani1609/Spendwise/pull/158,https://github.com/ani1609/Spendwise/pull/150,https://github.com/ani1609/Spendwise/pull/128,https://github.com/ani1609/Spendwise/pull/125,https://github.com/ani1609/Spendwise/pull/124,https://github.com/ani1609/Spendwise/pull/271,https://github.com/ani1609/Spendwise/pull/287,https://github.com/ani1609/Spendwise/pull/282,https://github.com/ani1609/Spendwise/pull/310,https://github.com/ani1609/Spendwise/pull/309,https://github.com/ani1609/Spendwise/pull/314,https://github.com/ani1609/Spendwise/pull/319,https://github.com/ani1609/Spendwise/pull/325,https://github.com/ani1609/Spendwise/pull/324,https://github.com/ani1609/Spendwise/pull/337",106,96,
72,2023-11-18 15:01:54.644439+00,2023-12-03 13:11:07.286135+00,,KWoC Frontend,"The open-source frontend for Kharagpur Winter of Code written in React, Typescript, and TailwindCSS.","react,javascript,typescript,tailwindcss,frontend",https://github.com/kossiitkgp/KWoC-Frontend,https://discord.gg/efFwh6fnjk,https://github.com/kossiitkgp/KWoC-Frontend#readme,true,1704733255,12,4,141,44,"pranjal3060,mendacium-a11y,Jaimin25,VineeTagarwaL-code","https://github.com/kossiitkgp/KWoC-Frontend/pull/226,https://github.com/kossiitkgp/KWoC-Frontend/pull/224,https://github.com/kossiitkgp/KWoC-Frontend/pull/218,https://github.com/kossiitkgp/KWoC-Frontend/pull/234",8,100,
60,2023-11-16 17:12:01.096318+00,2023-11-16 17:12:01.096318+00,,Own-Youtube,"An extension to modify YouTube's layout in real-time, like you own it!","javascript,html,css",https://github.com/proffapt/own-youtube,https://join.slack.com/t/kwoc-proffapt/shared_invite/zt-270xklnwn-CjkBGJrJvvV2KgdW_~s7EA,https://github.com/proffapt/own-youtube#readme,true,1704834434,0,0,0,0,,,3,,
92,2023-11-26 06:31:16.242574+00,2023-11-26 06:31:16.242574+00,,PetMe,"PetMe is an all-in-one platform that allows animals to be adopted, donated to pet lovers, and provides emergency medical care to stray animals in need.","HTML,CSS,JS,Reactjs,nodejs",https://github.com/akshitagupta15june/PetMe,https://discord.gg/Jmc97prqjb,https://github.com/akshitagupta15june/PetMe#readme,true,1704525623,1,1,28,2,RitamDas30,https://github.com/akshitagupta15june/PetMe/pull/1422,61,,
74,2023-11-19 08:29:00.313887+00,2023-11-19 19:43:20.150823+00,,Asteroyd,A robust & smart code snippet management tool,"Typescript, Python, LLM, TDD, Artificial-Intelligence, NLP",https://github.com/ujjwall-R/Asteroyd,https://join.slack.com/t/asteroyd/shared_invite/zt-26k1w6ues-jNKsNiftwLRzbXtdmbBnEQ,https://github.com/ujjwall-R/Asteroyd/blob/main/README.md,true,1702060200,0,0,0,0,,,21,36,
77,2023-11-21 06:12:41.483063+00,2023-11-21 06:12:41.483063+00,,Journal Paper Reader - Chrome Extension,"A chrome extension to make the reading process of journal paper easier by showcasing methods, references and figures beside the text by highlighting","javascript,extension,web-scrapping,beginner",https://github.com/rakaar/easy-reader-extension,https://groups.google.com/u/1/g/easy-paper-reader---kwoc-group,https://github.com/rakaar/easy-reader-extension#readme,true,1702529828,0,1,57,1,pinak22dhir,https://github.com/rakaar/easy-reader-extension/pull/10,42,,
82,2023-11-24 17:01:24.181933+00,2023-12-18 08:12:42.754132+00,,Beautiify,"Beautiify comprises a curated selection of beautifully designed components and animations that can be seamlessly incorporated into any website, elevating its overall UI experience.","Html, Css, JavaScript, Web Development",https://github.com/Rakesh9100/Beautiify,https://discord.gg/thH8mECe,https://github.com/Rakesh9100/Beautiify/blob/main/README.md,,0,0,0,0,0,,,54,,
55,2023-11-16 16:46:51.342355+00,2023-11-16 16:46:51.342355+00,," To Do List Application",This is a Simple To Do List Application,"html, css,  javascript",https://github.com/Kritika30032002/To-Do-List-Application,https://discord.gg/qqvmzNZWRQ,https://github.com/Kritika30032002/To-Do-List-Application#readme,true,1704465745,23,12,1561,1251,"rakesh-vajrapu,Yash-Ainapure,Sami3160,schoudhury2,YashSachan2,Harsh2504,Saibhuvan435,KeyurGK,Mayank77maruti,Shivam250702","https://github.com/Kritika30032002/To-Do-List-Application/pull/310,https://github.com/Kritika30032002/To-Do-List-Application/pull/306,https://github.com/Kritika30032002/To-Do-List-Application/pull/301,https://github.com/Kritika30032002/To-Do-List-Application/pull/300,https://github.com/Kritika30032002/To-Do-List-Application/pull/297,https://github.com/Kritika30032002/To-Do-List-Application/pull/291,https://github.com/Kritika30032002/To-Do-List-Application/pull/289,https://github.com/Kritika30032002/To-Do-List-Application/pull/287,https://github.com/Kritika30032002/To-Do-List-Application/pull/285,https://github.com/Kritika30032002/To-Do-List-Application/pull/283,https://github.com/Kritika30032002/To-Do-List-Application/pull/260,https://github.com/Kritika30032002/To-Do-List-Application/pull/326",26,,
100,2023-11-27 10:58:57.861073+00,2023-12-11 15:51:08.515715+00,,Beat Bridge,This Web App is a dedicated application that'll use Spotify API to Fetch Songs and play 'em in the interactive GUI. It Utilizes Spotify API to fetch songs and an interactive GUI for is there for playing music with a  recommendation Engine for suggesting songs.,"react, javascript, tailwind, keras, kmeans-clustering, gmm-clustering, unsupervised-ml, html, css",https://github.com/pooranjoyb/BeatBridge,https://discord.gg/PHRnze3W87,https://github.com/pooranjoyb/BeatBridge/blob/master/README.md,true,1704737744,5,4,397,318,"Nupoor10,ShivamKmishra09,anand-harsh","https://github.com/pooranjoyb/BeatBridge/pull/51,https://github.com/pooranjoyb/BeatBridge/pull/50,https://github.com/pooranjoyb/BeatBridge/pull/48,https://github.com/pooranjoyb/BeatBridge/pull/53",76,,
78,2023-11-21 11:29:03.595012+00,2023-11-26 05:39:50.925264+00,,ScrapeIt,ScrapeIt is a web scraping application built with ReactJS and TailwindCSS. It enables the extraction of HTML content or text from web pages by providing a URL.,"ReactJS, JavaScript, HTML, Tailwind, Auth0",https://github.com/singodiyashubham87/ScrapeIt,https://discord.gg/uVgtxfyK,https://github.com/singodiyashubham87/ScrapeIt/blob/main/README.md,true,1704800668,10,4,65,51,"Abdelra6,ayann07,ritik48,Jaimin25","https://github.com/singodiyashubham87/ScrapeIt/pull/67,https://github.com/singodiyashubham87/ScrapeIt/pull/62,https://github.com/singodiyashubham87/ScrapeIt/pull/56,https://github.com/singodiyashubham87/ScrapeIt/pull/51",44,,
97,2023-11-27 03:10:49.971963+00,2023-11-27 03:10:49.971963+00,,Wife Predictor,This is a fun project that predicts your wife. The web app has been deployed on Netlify.,"React, HTML, CSS",https://github.com/1Shubham7/Wife-Predictor-v2,https://discordapp.com/users/1061183828925894696,https://github.com/1Shubham7/Wife-Predictor-v2/blob/main/README.md,,0,0,0,0,0,,,75,,
98,2023-11-27 03:12:05.99026+00,2023-11-27 03:12:05.99026+00,,Mission Health,"Converting fat ugly bitches to slim, beautiful, god fearing compassionate divas","Golang, Go, React, API",https://github.com/1Shubham7/Calory-tracker-v2,https://discordapp.com/users/1061183828925894696,https://github.com/1Shubham7/Calory-tracker-v2/blob/main/README.md,,0,0,0,0,0,,,75,,
96,2023-11-26 19:21:14.291335+00,2023-11-26 19:21:14.291335+00,,Blogzen,"A collection of resources categorised by tech domains, languages, expertise and much more. Blogzen gives you a quick access to all the resources that you could need at a single place, with a click!","HTML, CSS, JavaScript",https://github.com/piug-07/blogzen-main,https://www.discord.gg/#1545,https://github.com/piug-07/blogzen-main/blob/main/README.md,,0,0,0,0,0,,,72,,
130,2023-12-06 23:06:57.713899+00,2023-12-06 23:06:57.713899+00,,Mocker,"Mocker can generate mock data with API endpoints, powered by faker.js",,https://github.com/shelcia/mocker,https://discord.gg/Y78J76eNt6,https://github.com/shelcia/mocker#readme,true,1703635197,1,1,8,12,SomSingh23,https://github.com/shelcia/mocker/pull/131,57,,
73,2023-11-18 15:14:33.25332+00,2023-11-18 15:22:08.501145+00,,KWoC Backend,The backend API for Kharagpur Winter of Code written in Go.,"go,backend,database,restapi",https://github.com/kossiitkgp/KWoC-Backend,https://discord.gg/efFwh6fnjk,https://github.com/kossiitkgp/KWoC-Backend#readme,true,1704463307,90,12,683,492,"shikharish,Devansh-bit,pinak22dhir","https://github.com/kossiitkgp/KWoC-Backend/pull/187,https://github.com/kossiitkgp/KWoC-Backend/pull/186,https://github.com/kossiitkgp/KWoC-Backend/pull/183,https://github.com/kossiitkgp/KWoC-Backend/pull/181,https://github.com/kossiitkgp/KWoC-Backend/pull/179,https://github.com/kossiitkgp/KWoC-Backend/pull/176,https://github.com/kossiitkgp/KWoC-Backend/pull/175,https://github.com/kossiitkgp/KWoC-Backend/pull/174,https://github.com/kossiitkgp/KWoC-Backend/pull/172,https://github.com/kossiitkgp/KWoC-Backend/pull/192,https://github.com/kossiitkgp/KWoC-Backend/pull/191,https://github.com/kossiitkgp/KWoC-Backend/pull/190",8,7,
127,2023-12-06 11:40:16.677873+00,2023-12-09 19:35:07.214086+00,,Cyber Sentinel,A vulnerable webapp to make developers aware on how vulnerabilities are exploited in the wild,"cyber security, php, html, css, sql, web-app vulnerabilities",https://github.com/SuchitReddi/cybersentinel,https://join.slack.com/t/opensrccybersentinel/shared_invite/zt-28f973fci-7ObrO7JK8jE7FNG3qDiLvQ,https://github.com/SuchitReddi/cybersentinel#readme,true,1704525373,4,2,340,165,"pinak22dhir,VineeTagarwaL-code","https://github.com/SuchitReddi/cybersentinel/pull/10,https://github.com/SuchitReddi/cybersentinel/pull/12",101,,
131,2023-12-07 05:47:04.061086+00,2023-12-07 05:47:04.061086+00,,Notes Application,"Welcome to our Notes Application ‚Äì your go-to platform for streamlined note-taking! Crafted with Next.js and powered by Firebase, this application seamlessly combines efficiency and simplicity. Take organized notes, access them anytime, anywhere, and elevate your productivity. Your thoughts, our platform ‚Äì the perfect harmony for a clutter-free note-taking experience.","Next JS, React JS, Firebase",https://github.com/rohan9024/notes,https://discord.gg/YwqHqCyPWy,https://github.com/rohan9024/notes/blob/main/README.md,false,0,0,0,0,0,,,69,,
57,2023-11-16 16:59:28.334417+00,2023-11-16 16:59:28.334417+00,,Top Secrets,This is a website that allows user to add their secrets anonymously to the website. Thus makes its interesting. One can add their secrets that they don't want to share with anyone.,"nodejs, node, mongodb, expressjs, backend, javascript, html, css",https://github.com/Kritika30032002/Top_Secrets,https://discord.gg/DcgxHdAWka,https://github.com/Kritika30032002/Top_Secrets#readme,true,1703493964,17,13,723,212,"Yash-Ainapure,shaileshthakur1,AaadityaG,surya-nand,pinak22dhir","https://github.com/Kritika30032002/Top_Secrets/pull/142,https://github.com/Kritika30032002/Top_Secrets/pull/141,https://github.com/Kritika30032002/Top_Secrets/pull/130,https://github.com/Kritika30032002/Top_Secrets/pull/128,https://github.com/Kritika30032002/Top_Secrets/pull/127,https://github.com/Kritika30032002/Top_Secrets/pull/117,https://github.com/Kritika30032002/Top_Secrets/pull/112,https://github.com/Kritika30032002/Top_Secrets/pull/111,https://github.com/Kritika30032002/Top_Secrets/pull/105,https://github.com/Kritika30032002/Top_Secrets/pull/104,https://github.com/Kritika30032002/Top_Secrets/pull/94,https://github.com/Kritika30032002/Top_Secrets/pull/93,https://github.com/Kritika30032002/Top_Secrets/pull/91",26,,
107,2023-11-28 12:28:41.659372+00,2023-11-28 12:28:41.659372+00,,Code Buddy,"Code Buddy is a platform designed to help developers and programmers find suitable coding partners for collaboration on various projects. Whether you're working on personal projects, open-source contributions, or simply seeking someone to learn and code together, Code Buddy is here to facilitate connections between like-minded individuals.","Golang, React, JavaScript, HTML, CSS",https://github.com/1Shubham7/code-buddy,https://discordapp.com/users/1061183828925894696,https://github.com/1Shubham7/code-buddy/blob/main/README.md,true,1703279755,6,7,316,52,"ayann07,sambitsingha,Sumandalai,AaadityaG,shivanshsin0203","https://github.com/1Shubham7/code-buddy/pull/51,https://github.com/1Shubham7/code-buddy/pull/50,https://github.com/1Shubham7/code-buddy/pull/48,https://github.com/1Shubham7/code-buddy/pull/46,https://github.com/1Shubham7/code-buddy/pull/42,https://github.com/1Shubham7/code-buddy/pull/36,https://github.com/1Shubham7/code-buddy/pull/33",75,,
50,2023-11-15 09:11:55.771484+00,2023-12-06 18:42:46.120959+00,,Whiteboard App for Rocket.Chat (GSoC'23),"Enhance your collaborative experience with diagrams, drawings, and more using Whiteboard Integration in Rocket.Chat. Whiteboard App provides a seamless environment for real-time visual communication and brainstorming.","TypeScript , Javascript",https://github.com/RocketChat/Apps.Whiteboard,https://open.rocket.chat/channel/white-board-integration-team,https://github.com/RocketChat/Apps.Whiteboard#readme,true,1704710061,0,0,0,0,,,19,,
121,2023-12-03 19:56:08.873793+00,2023-12-17 12:39:03.781767+00,,Memory Wipe,A storage wiper targeting IoT devices and SSDs,"cyber security, digital forensics, iot, shell scripting, python, linux",https://github.com/SuchitReddi/memorywipe,https://join.slack.com/t/opensrcmemorywipe/shared_invite/zt-28olrjb9t-0k61qROOR8SHwBdbUZLf5g,https://github.com/SuchitReddi/memorywipe#readme,true,1702815960,26,1,597,0,p1utoze,https://github.com/SuchitReddi/memorywipe/pull/9,101,,
101,2023-11-27 14:20:34.683518+00,2023-12-01 05:05:03.195884+00,,ML-Crate,"ML Crate stands as the ultimate hub for a multitude of exciting ML projects, serving as the go-to resource haven for passionate and dedicated ML enthusiasts! ","Machine Learning, Data Analysis, Python, Jupyter Notebook, AI/ML",https://github.com/abhisheks008/ML-Crate,https://discord.gg/eGaV2tzBhx,https://github.com/abhisheks008/ML-Crate/blob/main/README.md,true,1704865756,88,15,525260,62,"manyaschopra,gourav-pramanik,Anwar11234,pawaspy,ellow0rld,BhardwajArjit,Shobhit-Bandhu,p1utoze,YashSachan2,mariam7084","https://github.com/abhisheks008/ML-Crate/pull/459,https://github.com/abhisheks008/ML-Crate/pull/458,https://github.com/abhisheks008/ML-Crate/pull/457,https://github.com/abhisheks008/ML-Crate/pull/455,https://github.com/abhisheks008/ML-Crate/pull/453,https://github.com/abhisheks008/ML-Crate/pull/451,https://github.com/abhisheks008/ML-Crate/pull/448,https://github.com/abhisheks008/ML-Crate/pull/456,https://github.com/abhisheks008/ML-Crate/pull/454,https://github.com/abhisheks008/ML-Crate/pull/478,https://github.com/abhisheks008/ML-Crate/pull/481,https://github.com/abhisheks008/ML-Crate/pull/479,https://github.com/abhisheks008/ML-Crate/pull/482,https://github.com/abhisheks008/ML-Crate/pull/485,https://github.com/abhisheks008/ML-Crate/pull/488",78,,
112,2023-11-30 04:31:11.73705+00,2023-11-30 04:31:11.73705+00,,digitomize,"Digitomize, part of Microsoft for Startups Founders Hub, is an open-source platform that combines two main sections: Contests and User Profiles. It allows users to explore upcoming coding contests and dynamically create developer portfolios.","javascript, react, node, mern",https://github.com/digitomize/digitomize,https://digitomize.com/discord,https://github.com/digitomize/digitomize/blob/main/README.md,true,1704647279,63,21,5329,3882,"im-vedant,mendacium-a11y,Ayusht777,tushar-daiya,AaadityaG","https://github.com/digitomize/digitomize/pull/431,https://github.com/digitomize/digitomize/pull/407,https://github.com/digitomize/digitomize/pull/403,https://github.com/digitomize/digitomize/pull/399,https://github.com/digitomize/digitomize/pull/398,https://github.com/digitomize/digitomize/pull/392,https://github.com/digitomize/digitomize/pull/378,https://github.com/digitomize/digitomize/pull/376,https://github.com/digitomize/digitomize/pull/370,https://github.com/digitomize/digitomize/pull/363,https://github.com/digitomize/digitomize/pull/359,https://github.com/digitomize/digitomize/pull/346,https://github.com/digitomize/digitomize/pull/337,https://github.com/digitomize/digitomize/pull/335,https://github.com/digitomize/digitomize/pull/334,https://github.com/digitomize/digitomize/pull/322,https://github.com/digitomize/digitomize/pull/442,https://github.com/digitomize/digitomize/pull/428,https://github.com/digitomize/digitomize/pull/455,https://github.com/digitomize/digitomize/pull/472,https://github.com/digitomize/digitomize/pull/522",90,,
99,2023-11-27 04:17:40.900408+00,2023-12-05 13:31:27.862175+00,,chrome-extensions,"This repository hosts a collection of Chrome extensions designed for diverse purposes. Each extension has its own folder within this repository, with some already developed and others awaiting creation.","javascript, CSS",https://github.com/nik132-eng/chrome-extensions,https://discord.com/invite/xPM9Syrk,https://github.com/nik132-eng/chrome-extensions/blob/main/README.md,true,1704768491,39,15,1604,90,"shivanshsin0203,AaadityaG,shivang21007,bhanupgpt,supr1yo","https://github.com/nik132-eng/chrome-extensions/pull/37,https://github.com/nik132-eng/chrome-extensions/pull/32,https://github.com/nik132-eng/chrome-extensions/pull/31,https://github.com/nik132-eng/chrome-extensions/pull/29,https://github.com/nik132-eng/chrome-extensions/pull/27,https://github.com/nik132-eng/chrome-extensions/pull/25,https://github.com/nik132-eng/chrome-extensions/pull/22,https://github.com/nik132-eng/chrome-extensions/pull/19,https://github.com/nik132-eng/chrome-extensions/pull/38,https://github.com/nik132-eng/chrome-extensions/pull/42,https://github.com/nik132-eng/chrome-extensions/pull/39,https://github.com/nik132-eng/chrome-extensions/pull/33,https://github.com/nik132-eng/chrome-extensions/pull/43,https://github.com/nik132-eng/chrome-extensions/pull/47,https://github.com/nik132-eng/chrome-extensions/pull/49",68,,
102,2023-11-27 16:12:29.591739+00,2023-12-10 05:29:52.632639+00,,METAVERSE,"üöÄ Welcome to our GitHub repository, officially accepted for Codepeak '23   üëæ & KWOC 2023! Explore a dynamic collection of front-end projects, powered by HTML, CSS, JavaScript, and React. Join our community to contribute your creations üé®, add features üõ†Ô∏è, or squash bugs üêõ in existing projects. ","HTML,CSS ,JS",https://github.com/apu52/METAVERSE,https://discord.gg/xZcnDRtq,https://github.com/apu52/METAVERSE/blob/main/README.md,true,1704813625,270,119,193120,2505,"Mayank77maruti,YashSachan2,aindree-2005,Abhishek-465,AaadityaG,KeyurGK,Sami3160,schoudhury2,Yash-Ainapure,Aritra203,Dhammashree23,bhanu-dev82,agrawal-yash,Surajit0573,Preeti8021,Souvik34,anand-harsh,bibhabasuiitkgp,harshitkandpal,Paarisha1,MitulSonagara,Subhrangsu90,ayann07,Ritwika-14","https://github.com/apu52/METAVERSE/pull/539,https://github.com/apu52/METAVERSE/pull/538,https://github.com/apu52/METAVERSE/pull/537,https://github.com/apu52/METAVERSE/pull/534,https://github.com/apu52/METAVERSE/pull/531,https://github.com/apu52/METAVERSE/pull/525,https://github.com/apu52/METAVERSE/pull/515,https://github.com/apu52/METAVERSE/pull/514,https://github.com/apu52/METAVERSE/pull/508,https://github.com/apu52/METAVERSE/pull/492,https://github.com/apu52/METAVERSE/pull/490,https://github.com/apu52/METAVERSE/pull/488,https://github.com/apu52/METAVERSE/pull/484,https://github.com/apu52/METAVERSE/pull/483,https://github.com/apu52/METAVERSE/pull/481,https://github.com/apu52/METAVERSE/pull/473,https://github.com/apu52/METAVERSE/pull/469,https://github.com/apu52/METAVERSE/pull/453,https://github.com/apu52/METAVERSE/pull/448,https://github.com/apu52/METAVERSE/pull/446,https://github.com/apu52/METAVERSE/pull/445,https://github.com/apu52/METAVERSE/pull/433,https://github.com/apu52/METAVERSE/pull/424,https://github.com/apu52/METAVERSE/pull/423,https://github.com/apu52/METAVERSE/pull/422,https://github.com/apu52/METAVERSE/pull/417,https://github.com/apu52/METAVERSE/pull/416,https://github.com/apu52/METAVERSE/pull/409,https://github.com/apu52/METAVERSE/pull/408,https://github.com/apu52/METAVERSE/pull/402,https://github.com/apu52/METAVERSE/pull/399,https://github.com/apu52/METAVERSE/pull/395,https://github.com/apu52/METAVERSE/pull/391,https://github.com/apu52/METAVERSE/pull/388,https://github.com/apu52/METAVERSE/pull/386,https://github.com/apu52/METAVERSE/pull/385,https://github.com/apu52/METAVERSE/pull/379,https://github.com/apu52/METAVERSE/pull/377,https://github.com/apu52/METAVERSE/pull/374,https://github.com/apu52/METAVERSE/pull/369,https://github.com/apu52/METAVERSE/pull/368,https://github.com/apu52/METAVERSE/pull/362,https://github.com/apu52/METAVERSE/pull/361,https://github.com/apu52/METAVERSE/pull/356,https://github.com/apu52/METAVERSE/pull/347,https://github.com/apu52/METAVERSE/pull/343,https://github.com/apu52/METAVERSE/pull/341,https://github.com/apu52/METAVERSE/pull/338,https://github.com/apu52/METAVERSE/pull/333,https://github.com/apu52/METAVERSE/pull/331,https://github.com/apu52/METAVERSE/pull/330,https://github.com/apu52/METAVERSE/pull/329,https://github.com/apu52/METAVERSE/pull/317,https://github.com/apu52/METAVERSE/pull/316,https://github.com/apu52/METAVERSE/pull/315,https://github.com/apu52/METAVERSE/pull/314,https://github.com/apu52/METAVERSE/pull/309,https://github.com/apu52/METAVERSE/pull/306,https://github.com/apu52/METAVERSE/pull/303,https://github.com/apu52/METAVERSE/pull/301,https://github.com/apu52/METAVERSE/pull/295,https://github.com/apu52/METAVERSE/pull/290,https://github.com/apu52/METAVERSE/pull/287,https://github.com/apu52/METAVERSE/pull/284,https://github.com/apu52/METAVERSE/pull/283,https://github.com/apu52/METAVERSE/pull/282,https://github.com/apu52/METAVERSE/pull/279,https://github.com/apu52/METAVERSE/pull/277,https://github.com/apu52/METAVERSE/pull/276,https://github.com/apu52/METAVERSE/pull/275,https://github.com/apu52/METAVERSE/pull/272,https://github.com/apu52/METAVERSE/pull/270,https://github.com/apu52/METAVERSE/pull/264,https://github.com/apu52/METAVERSE/pull/263,https://github.com/apu52/METAVERSE/pull/260,https://github.com/apu52/METAVERSE/pull/257,https://github.com/apu52/METAVERSE/pull/256,https://github.com/apu52/METAVERSE/pull/255,https://github.com/apu52/METAVERSE/pull/252,https://github.com/apu52/METAVERSE/pull/243,https://github.com/apu52/METAVERSE/pull/242,https://github.com/apu52/METAVERSE/pull/232,https://github.com/apu52/METAVERSE/pull/231,https://github.com/apu52/METAVERSE/pull/230,https://github.com/apu52/METAVERSE/pull/227,https://github.com/apu52/METAVERSE/pull/215,https://github.com/apu52/METAVERSE/pull/212,https://github.com/apu52/METAVERSE/pull/211,https://github.com/apu52/METAVERSE/pull/210,https://github.com/apu52/METAVERSE/pull/201,https://github.com/apu52/METAVERSE/pull/194,https://github.com/apu52/METAVERSE/pull/190,https://github.com/apu52/METAVERSE/pull/187,https://github.com/apu52/METAVERSE/pull/185,https://github.com/apu52/METAVERSE/pull/179,https://github.com/apu52/METAVERSE/pull/177,https://github.com/apu52/METAVERSE/pull/540,https://github.com/apu52/METAVERSE/pull/571,https://github.com/apu52/METAVERSE/pull/560,https://github.com/apu52/METAVERSE/pull/578,https://github.com/apu52/METAVERSE/pull/576,https://github.com/apu52/METAVERSE/pull/573,https://github.com/apu52/METAVERSE/pull/572,https://github.com/apu52/METAVERSE/pull/583,https://github.com/apu52/METAVERSE/pull/582,https://github.com/apu52/METAVERSE/pull/579,https://github.com/apu52/METAVERSE/pull/574,https://github.com/apu52/METAVERSE/pull/584,https://github.com/apu52/METAVERSE/pull/591,https://github.com/apu52/METAVERSE/pull/590,https://github.com/apu52/METAVERSE/pull/596,https://github.com/apu52/METAVERSE/pull/595,https://github.com/apu52/METAVERSE/pull/598,https://github.com/apu52/METAVERSE/pull/603,https://github.com/apu52/METAVERSE/pull/601,https://github.com/apu52/METAVERSE/pull/605,https://github.com/apu52/METAVERSE/pull/607,https://github.com/apu52/METAVERSE/pull/611,https://github.com/apu52/METAVERSE/pull/612",79,91,
56,2023-11-16 16:56:31.485037+00,2023-11-16 16:56:31.485037+00,,React Creations,"Welcome to our open-source React Creations. Join us in building, improving, and innovating together in the world of React development!","react, reactjs, frontend, html, css, javascript",https://github.com/Kritika30032002/ReactCreations,https://discord.gg/4dtqXcfeKM,https://github.com/Kritika30032002/ReactCreations#readme,true,1704811511,50,17,179781,90,"Pritam1136,AaadityaG,Mayank77maruti,Sami3160,YashSachan2,Yash-Ainapure,Shivam250702,jivanjyotigiri2003,Jaimin25,Vector-013,ShreyaBose04","https://github.com/Kritika30032002/ReactCreations/pull/158,https://github.com/Kritika30032002/ReactCreations/pull/142,https://github.com/Kritika30032002/ReactCreations/pull/141,https://github.com/Kritika30032002/ReactCreations/pull/131,https://github.com/Kritika30032002/ReactCreations/pull/112,https://github.com/Kritika30032002/ReactCreations/pull/106,https://github.com/Kritika30032002/ReactCreations/pull/102,https://github.com/Kritika30032002/ReactCreations/pull/98,https://github.com/Kritika30032002/ReactCreations/pull/93,https://github.com/Kritika30032002/ReactCreations/pull/83,https://github.com/Kritika30032002/ReactCreations/pull/82,https://github.com/Kritika30032002/ReactCreations/pull/81,https://github.com/Kritika30032002/ReactCreations/pull/179,https://github.com/Kritika30032002/ReactCreations/pull/191,https://github.com/Kritika30032002/ReactCreations/pull/186,https://github.com/Kritika30032002/ReactCreations/pull/198,https://github.com/Kritika30032002/ReactCreations/pull/197",26,,
115,2023-11-30 19:37:44.555478+00,2023-11-30 19:37:44.555478+00,,NFT-MANIA,"Transforming gaming with NFTs: Our platform lets gamers buy and sell unique play cards while maintaining trust and authenticity. Also including blockchain bridge for import and export of nft's including 3d model, tokens, play cards, digital marketing and also use open ai for the generation of metabase.",,https://github.com/Chanchal-D/NFT-MANIA,https://discord.com/channels/@me,https://github.com/Chanchal-D/NFT-MANIA#readme,false,0,0,0,0,0,,,94,,
118,2023-12-02 16:47:05.96735+00,2023-12-02 16:47:05.96735+00,,Project_Hunt," Project_Hunt is an open-source collection of React components, web-based games, and web development tools and components. It's designed to be a valuable resource for web developers.","javascript, react, css, html, projects",https://github.com/HimanshuNarware/Project_Hunt,https://discord.gg/K786TS3EdS,https://github.com/HimanshuNarware/Project_Hunt/blob/main/README.md,false,0,0,0,0,0,,,6,,
120,2023-12-03 11:19:59.125026+00,2023-12-03 11:20:12.334246+00,,Semantic PDFs search,Terminal App to search semantically in a folder of PDFs,"Search, Python, Algorithm, Terminal App",https://github.com/rakaar/semantic-search-in-a-pdfs-folder,https://groups.google.com/u/1/g/semantic-pdfs-search---kwoc,https://github.com/rakaar/semantic-search-in-a-pdfs-folder#readme,false,0,0,0,0,0,,,42,,
124,2023-12-05 08:24:58.345831+00,2023-12-05 08:24:58.345831+00,,ai-economy-simulator,"Can we simulate macroeconomic factors using microeconomy of individual ventures?  If AI is too smart now, can it do this?","GPT, Economics, Next.js, Colyseus, FastAPI",https://github.com/ai-economy-simulator/ecosim-client,https://discord.gg/aZzhkzHTVr,https://github.com/ai-economy-simulator/ecosim-client/blob/main/README.md,false,0,0,0,0,0,,,109,,
125,2023-12-06 00:24:04.053475+00,2023-12-06 00:24:04.053475+00,,Photo-Editor,"This photo editing application is one of those elegantly powerful PHP project ideas that blend JavaScript and PHP to produce a web app for users to create beautiful digital artwork. This PHP project also forces you to use object-oriented programming, which is a great way to hone these skills.","HTML, CSS, JavaScript, PHP, Bootstrap, jQuery",https://github.com/Durgesh4993/Photo-Editor,https://discord.gg/65eUXc7NNc,https://github.com/Durgesh4993/Photo-Editor#readme,false,0,0,0,0,0,,,25,,
126,2023-12-06 00:26:33.550787+00,2023-12-06 00:26:33.550787+00,,CryptoX,"Buy & Sell Digital Assets In The CryptoX Coin CryptoX is the easiest, safest, and fastest way to buy & sell crypto asset exchange.","HTML, CSS, JavaScript",https://github.com/Durgesh4993/CryptoX,https://discord.gg/65eUXc7NNc,https://github.com/Durgesh4993/CryptoX#readme,false,0,0,0,0,0,,,25,,
129,2023-12-06 23:05:02.216611+00,2023-12-06 23:05:02.216611+00,,Bloggram,"A blog website where users can create their blog, edit, delete and share to other users",,https://github.com/shelcia/Bloggram,https://discord.gg/Y78J76eNt6,https://github.com/shelcia/Bloggram#readme,false,0,0,0,0,0,,,57,,
105,2023-11-27 17:08:59.699235+00,2023-11-27 17:08:59.699235+00,,NeoGPT,"Chat effortlessly with Documents, YouTube Videos,Code, and Social Media Chats. Your go-to for quick and smart interactions! ü§ñüí¨","ml,python,llm",https://github.com/neokd/NeoGPT,https://discord.gg/7xU954VYvs,https://github.com/neokd/NeoGPT/blob/main/README.md,true,1704435816,0,0,0,0,,,81,82,
48,2023-11-15 05:31:16.805811+00,2023-11-28 03:41:11.893506+00,,CropSync,CropSync is a user-friendly website designed to assist farmers in selecting the right crops for their fields and providing essential information throughout the farming process.,"HTML,CSS,Javascript,API,Bootstrap",https://github.com/cropsync/CropSync,https://join.slack.com/t/cropsync/shared_invite/zt-27njkuptz-wLOl57rBnVALRPBB4rgJSw,https://github.com/cropsync/CropSync/blob/main/readme.md,true,1702742569,3,3,109,24,"hanzalahwaheed,Ritwika-14,adisuyash","https://github.com/cropsync/CropSync/pull/17,https://github.com/cropsync/CropSync/pull/14,https://github.com/cropsync/CropSync/pull/10",12,18,
58,2023-11-16 17:02:43.08109+00,2023-11-16 17:02:43.08109+00,,MetaHub,A repository to document PtokaX DC setup at IIT Kharagpur,"bash,c,c++,networking",https://github.com/proffapt/Metahub,https://join.slack.com/t/kwoc-proffapt/shared_invite/zt-270xklnwn-CjkBGJrJvvV2KgdW_~s7EA,https://github.com/proffapt/Metahub/blob/main/README.md,true,1702060200,0,0,0,0,,,3,,
51,2023-11-15 12:33:43.256446+00,2023-11-19 08:39:14.358341+00,,Dree,"One single package for visualization, debugging, and exploration of folder hierarchies.  Say no to bulky file managers with Dree.","C++, Productivity-Tool, CLI, Bash",https://github.com/ujjwall-R/Dree,https://join.slack.com/t/dreecommunity/shared_invite/zt-27e8ojiy8-dBmfU6LwIe2w6Cx0mi4Maw,https://github.com/ujjwall-R/Dree/blob/main/readme.md,true,1702899870,10,3,263,6,"peachjelly13,Abdelra6,BAGUVIX456","https://github.com/ujjwall-R/Dree/pull/46,https://github.com/ujjwall-R/Dree/pull/45,https://github.com/ujjwall-R/Dree/pull/44",21,,
46,2023-11-14 17:29:03.462929+00,2023-11-14 17:29:03.462929+00,,Hive,Self-hosted Newsletter Archive,,https://github.com/parth-paradkar/hive,https://wa.link/r1jm77,https://github.com/parth-paradkar/hive#readme,true,1702060200,0,0,0,0,,,13,,
53,2023-11-16 07:45:57.717123+00,2023-11-21 19:42:50.16523+00,,NoteXplorer-API,This is an API which scrapes information about upcoming Hackathons and Tech Programs from different websites and enlists them. It is part of a project called NoteX,"Python, Fast API, Docker, Selenium",https://github.com/TeeWrath/NoteXplorer-API,https://discord.gg/ZE9GQZ9rff,https://github.com/TeeWrath/NoteXplorer-API/blob/hackathon-api/README.md,true,1703490695,2,1,114,1,bombolcat,https://github.com/TeeWrath/NoteXplorer-API/pull/4,24,,
128,2023-12-06 23:04:01.451496+00,2023-12-06 23:04:01.451496+00,,Dynamic Portfolio,Dynamic Portfolio helps you create simple websites by just filling out forms.,,https://github.com/shelcia/dynamic-portfolio,https://discord.gg/Y78J76eNt6,https://github.com/shelcia/dynamic-portfolio/blob/master/README.md,true,1704559671,4,3,69,38,"HarshitSharma4,rakesh-vajrapu,Preeti8021","https://github.com/shelcia/dynamic-portfolio/pull/315,https://github.com/shelcia/dynamic-portfolio/pull/317,https://github.com/shelcia/dynamic-portfolio/pull/318",57,,
52,2023-11-16 06:42:24.631386+00,2023-11-21 19:42:58.424706+00,,NoteX,"An open source easy-to-use social media application for students to study, share resources, connect with each other, find opportunities and grow. A single platform to cater to all the needs of a student.","Flutter, Python, Selenium, Fast API",https://github.com/The-NoteX/NoteX,https://discord.gg/ZE9GQZ9rff,https://github.com/The-NoteX/NoteX/blob/main/README.md,true,1702722021,0,1,34,0,pinak22dhir,https://github.com/The-NoteX/NoteX/pull/22,24,,
47,2023-11-15 04:11:54.06833+00,2023-11-15 04:11:54.06833+00,,YABin,"Yet another pastebin, simple but feature-rich, along with a CLI client","svelte,javascript,html,css,python",https://github.com/Yureien/YABin,https://discord.gg/FW2hmXPx3H,https://github.com/Yureien/YABin#readme,true,1702404423,1,1,6,1,ashmit-coder,https://github.com/Yureien/YABin/pull/36,17,3,
61,2023-11-16 17:13:00.042937+00,2023-11-16 17:13:00.042937+00,,fERP,Stands for Feedback-ERP. Automation extension for IIT KGP ERP feedback,"javascript,html,css,automation,iitkgp",https://github.com/proffapt/fERP,https://join.slack.com/t/kwoc-proffapt/shared_invite/zt-270xklnwn-CjkBGJrJvvV2KgdW_~s7EA,https://github.com/proffapt/fERP#readme,true,1702060200,0,0,0,0,,,3,,
62,2023-11-16 17:14:21.177364+00,2023-11-16 17:14:21.177364+00,,IITKGP ERP Login,he only python package you will ever need to implement login process in ERP for IIT-KGP,"python,pypi,iitkgp",https://github.com/proffapt/iitkgp-erp-login-pypi,https://join.slack.com/t/kwoc-proffapt/shared_invite/zt-270xklnwn-CjkBGJrJvvV2KgdW_~s7EA,https://github.com/proffapt/iitkgp-erp-login-pypi#readme,true,1702060200,0,0,0,0,,,3,,
63,2023-11-16 17:38:26.04074+00,2023-11-16 17:38:26.04074+00,,MFTP,CDC noticeboard at your mail inbox.,"python,iitkgp,cdc,internship,intern,placement",https://github.com/metakgp/mftp,https://join.slack.com/t/kwoc-proffapt/shared_invite/zt-270xklnwn-CjkBGJrJvvV2KgdW_~s7EA,https://github.com/metakgp/mftp#readme,true,1702060200,0,0,0,0,,,3,,
68,2023-11-18 05:59:13.934567+00,2023-11-18 05:59:13.934567+00,,IITKGP ERP Login Extension,[Browser Extension] Auto Login Utility for students' ERP at IIT Kharagpur :octocat:,"typescript,browser-extension,iitkgp",https://github.com/metakgp/iitkgp-erp-auto-login,https://slack.metakgp.org,https://github.com/metakgp/iitkgp-erp-auto-login#readme,true,1702060200,0,0,0,0,,,3,,
84,2023-11-24 17:05:42.426764+00,2023-11-24 17:05:42.426764+00,,Greeting Time,A project in C++ which fetch the time from the system and greet the user according to the time fetched.,C++,https://github.com/Rakesh9100/Greeting-Time,https://discord.gg/YVp7uZMk,https://github.com/Rakesh9100/Greeting-Time/blob/main/README.md,,0,0,0,0,0,,,54,,
85,2023-11-25 07:28:39.996182+00,2023-11-25 07:41:34.23+00,,CDS | DiabOpticAI,"Codes integrating computer vision, quantum computing, and neural networks  to find a curated solution for Diabetic Retinopathy","CDS, Python, Neural Networks , CNN, Keras, Sklearn, Numpy, Matplotlib, Sys",https://github.com/CodeDeployingSquad/DiabOpticAI,https://discord.com/invite/8SFAywV4M8,https://github.com/CodeDeployingSquad/DiabOpticAI/blob/main/README.md,,0,0,0,0,0,,,11,55,
87,2023-11-25 07:39:53.633041+00,2023-11-25 07:40:10.886287+00,,CDS | Official Docs,Official documentation for the largest community of tomorrow's open source developers,"ReactJs, JavaScript, TypeScript, CSS, HTML, Github-pages, Documentation, TypeScript, Pnpm, Docusaurus, Markdown",https://github.com/CodeDeployingSquad/docs,https://discord.com/invite/8SFAywV4M8,https://github.com/CodeDeployingSquad/docs#readme,,0,0,0,0,0,,,11,,
89,2023-11-26 05:14:53.271825+00,2023-11-26 05:14:53.271825+00,,ML-Image-Alignment,It aligns the scanned form to the reference form using SIFT (Scale-Invariant Feature Transform) feature matching.,"opencv, flask, numpy",https://github.com/KrishGaur1354/ML-Image-Alignment,https://discord.gg/8RCH5GDM,https://github.com/KrishGaur1354/ML-Image-Alignment/blob/main/README.md,,0,0,0,0,0,,,12,,
138,2023-12-15 18:58:47.78659+00,2023-12-16 13:14:38.70811+00,,HCI-BCI-Lab | Dept. of CSE@ IIT Kharagpur,"An open-source frontend project in React+Vite and TailwindCSS. This project is an initiative by Human-Computer Interaction & Brain-Computer Interaction Lab, Department of Computer Science and Engineering, IIT Kharagpur under the approval of Prof. Debasis Samanta.","HTML,CSS,Javascript,React,Vite,Frontend",https://github.com/harshkhasbage77/IITKGP-HCI-BCI-Lab-Website,https://discord.gg/eJAks6C7,https://github.com/harshkhasbage77/IITKGP-HCI-BCI-Lab-Website#readme,false,0,0,0,0,0,,,112,,
103,2023-11-27 17:03:23.880237+00,2023-12-13 16:23:09.786985+00,,Hedging of Financial Derivative - A quant Project,"A Hedging is a market neutral trading strategy enabling traders to profit from virtually any market conditions: uptrend, downtrend, or sideways movement. This strategy is categorized as a statistical arbitrage and convergence trading strategy.","Python, Python Notebook, Deep Learning, Machine Learning",https://github.com/Akshat111111/Hedging-of-Financial-Derivatives,https://discord.com/invite/mdUPbPkv,https://github.com/Akshat111111/Hedging-of-Financial-Derivatives#readme,true,1703165904,5,4,3400,1235,"mdutta1234,shubha987","https://github.com/Akshat111111/Hedging-of-Financial-Derivatives/pull/24,https://github.com/Akshat111111/Hedging-of-Financial-Derivatives/pull/18,https://github.com/Akshat111111/Hedging-of-Financial-Derivatives/pull/17,https://github.com/Akshat111111/Hedging-of-Financial-Derivatives/pull/15",80,,
66,2023-11-17 13:27:25.213077+00,2023-12-15 10:24:28.032582+00,,Scarpe,"Scarpe is a Ruby library for building desktop GUI apps. You can write simple apps with just a few lines of Ruby: ""Shoes.app { button 'OK' }"" is a whole app! Our project has had Google Summer of Code interns, and we'd love to have you help too!","ruby,html",https://github.com/scarpe-team/scarpe,https://discord.gg/6UAhvnVUJz,https://github.com/scarpe-team/scarpe/wiki,true,1704815847,0,0,0,0,,,29,16,
108,2023-11-28 17:42:29.436627+00,2023-11-29 08:35:19.727702+00,,Jobs Scraper,"The Jobs Scraper is a powerful Go application designed for scraping job postings from a variety of websites and storing them in an SQLite database. Additionally, it offers endpoints for retrieving and synchronizing job postings, making it a valuable tool for job seekers and developers alike.","Golang,HTML,Css,JS",https://github.com/Pavel401/Jobs-Scraper,https://join.slack.com/t/jobsscraper-kwoc/shared_invite/zt-27w39gvw3-K23d7nPLTYZyw2fYdoVutg,https://github.com/Pavel401/Jobs-Scraper/blob/main/README.md,true,1703586602,6,6,527,563,"debayangg,pinak22dhir","https://github.com/Pavel401/Jobs-Scraper/pull/13,https://github.com/Pavel401/Jobs-Scraper/pull/11,https://github.com/Pavel401/Jobs-Scraper/pull/10,https://github.com/Pavel401/Jobs-Scraper/pull/9,https://github.com/Pavel401/Jobs-Scraper/pull/8,https://github.com/Pavel401/Jobs-Scraper/pull/7",87,,
116,2023-12-01 13:46:11.849509+00,2023-12-01 13:46:11.849509+00,,AR Webstore,Webstore built to showcase photorealistic 3D digital objects in AR,"AR, react, javascript",https://github.com/ShwetKhatri2001/AR-Webstore,https://discord.gg/mZNx9aQT,https://github.com/ShwetKhatri2001/AR-Webstore#readme,true,1704830169,13,7,11428,5934,"Souvik34,Ayusht777,pinak22dhir,Preeti8021,Surajit0573,AaadityaG","https://github.com/ShwetKhatri2001/AR-Webstore/pull/187,https://github.com/ShwetKhatri2001/AR-Webstore/pull/184,https://github.com/ShwetKhatri2001/AR-Webstore/pull/181,https://github.com/ShwetKhatri2001/AR-Webstore/pull/180,https://github.com/ShwetKhatri2001/AR-Webstore/pull/178,https://github.com/ShwetKhatri2001/AR-Webstore/pull/172,https://github.com/ShwetKhatri2001/AR-Webstore/pull/213",95,,
137,2023-12-15 09:00:56.01455+00,2023-12-19 16:59:40.748329+00,,ML-ProjectKart,"ML ProjectKart showcases the finest collection of all projects based on machine learning, deep learning and other AI topics for data science enthusiasts.","Python, Data Analysis, Machine Learning, Deep Learning, Computer Vision, Natural Language Processing, Juypter Notebook",https://github.com/prathimacode-hub/ML-ProjectKart,https://discord.com/invite/7Xhrsas4,https://github.com/prathimacode-hub/ML-ProjectKart/blob/main/README.md,true,1704700612,4,1,14114,0,mariam7084,https://github.com/prathimacode-hub/ML-ProjectKart/pull/632,31,,
75,2023-11-21 05:59:09.262951+00,2023-11-21 05:59:09.262951+00,,ezmail,An open-source user-friendly Web application with 50+ pre-designed easily customisable email templates for effective communication,"Javascript, tailwindcss, SvelteKit",https://github.com/IshaanAdarsh/ezmail,https://discord.gg/uVzvpY38,https://github.com/IshaanAdarsh/ezmail#readme,true,1703342079,16,7,405,292,"schoudhury2,ayann07,mendacium-a11y,praveen-p09,SanskarSonwani,Abhishek-465","https://github.com/IshaanAdarsh/ezmail/pull/140,https://github.com/IshaanAdarsh/ezmail/pull/139,https://github.com/IshaanAdarsh/ezmail/pull/137,https://github.com/IshaanAdarsh/ezmail/pull/136,https://github.com/IshaanAdarsh/ezmail/pull/135,https://github.com/IshaanAdarsh/ezmail/pull/130,https://github.com/IshaanAdarsh/ezmail/pull/121",41,43,
104,2023-11-27 17:03:58.076103+00,2023-11-28 09:40:43.739271+00,,Python Projects,A collection of python codes,python,https://github.com/shrey141102/PythonProjects,https://discord.gg/dqCG4pVyXf,https://github.com/shrey141102/PythonProjects#readme,true,1704824191,194,66,50674,499,"JeninaAngelin,Dhammashree23,himanshugupta11002,Ananya-m0140,CodeAceKing382,ogsahil,Yarlin16,Shivam250702,kaiwalyani,PiyushBagde,ayushlostvolts,palak180,jaibhedia,saurav-dhait,shubha987,Aryanmartinian,kausthub-kannan,Arpit01Goel,Cgarg9,pinak22dhir,Tanmay0215,SHIVAKUMAR-KS,Shreyasb1015,shiv325,Avdhesh-Varshney,supr1yo","https://github.com/shrey141102/PythonProjects/pull/102,https://github.com/shrey141102/PythonProjects/pull/101,https://github.com/shrey141102/PythonProjects/pull/100,https://github.com/shrey141102/PythonProjects/pull/98,https://github.com/shrey141102/PythonProjects/pull/96,https://github.com/shrey141102/PythonProjects/pull/94,https://github.com/shrey141102/PythonProjects/pull/92,https://github.com/shrey141102/PythonProjects/pull/91,https://github.com/shrey141102/PythonProjects/pull/90,https://github.com/shrey141102/PythonProjects/pull/89,https://github.com/shrey141102/PythonProjects/pull/85,https://github.com/shrey141102/PythonProjects/pull/83,https://github.com/shrey141102/PythonProjects/pull/82,https://github.com/shrey141102/PythonProjects/pull/81,https://github.com/shrey141102/PythonProjects/pull/80,https://github.com/shrey141102/PythonProjects/pull/78,https://github.com/shrey141102/PythonProjects/pull/74,https://github.com/shrey141102/PythonProjects/pull/73,https://github.com/shrey141102/PythonProjects/pull/72,https://github.com/shrey141102/PythonProjects/pull/71,https://github.com/shrey141102/PythonProjects/pull/68,https://github.com/shrey141102/PythonProjects/pull/64,https://github.com/shrey141102/PythonProjects/pull/61,https://github.com/shrey141102/PythonProjects/pull/60,https://github.com/shrey141102/PythonProjects/pull/58,https://github.com/shrey141102/PythonProjects/pull/56,https://github.com/shrey141102/PythonProjects/pull/52,https://github.com/shrey141102/PythonProjects/pull/51,https://github.com/shrey141102/PythonProjects/pull/49,https://github.com/shrey141102/PythonProjects/pull/48,https://github.com/shrey141102/PythonProjects/pull/47,https://github.com/shrey141102/PythonProjects/pull/46,https://github.com/shrey141102/PythonProjects/pull/45,https://github.com/shrey141102/PythonProjects/pull/44,https://github.com/shrey141102/PythonProjects/pull/43,https://github.com/shrey141102/PythonProjects/pull/42,https://github.com/shrey141102/PythonProjects/pull/41,https://github.com/shrey141102/PythonProjects/pull/40,https://github.com/shrey141102/PythonProjects/pull/32,https://github.com/shrey141102/PythonProjects/pull/31,https://github.com/shrey141102/PythonProjects/pull/30,https://github.com/shrey141102/PythonProjects/pull/27,https://github.com/shrey141102/PythonProjects/pull/25,https://github.com/shrey141102/PythonProjects/pull/23,https://github.com/shrey141102/PythonProjects/pull/22,https://github.com/shrey141102/PythonProjects/pull/18,https://github.com/shrey141102/PythonProjects/pull/103,https://github.com/shrey141102/PythonProjects/pull/105,https://github.com/shrey141102/PythonProjects/pull/114,https://github.com/shrey141102/PythonProjects/pull/113,https://github.com/shrey141102/PythonProjects/pull/112,https://github.com/shrey141102/PythonProjects/pull/109,https://github.com/shrey141102/PythonProjects/pull/108,https://github.com/shrey141102/PythonProjects/pull/121,https://github.com/shrey141102/PythonProjects/pull/120,https://github.com/shrey141102/PythonProjects/pull/118,https://github.com/shrey141102/PythonProjects/pull/125,https://github.com/shrey141102/PythonProjects/pull/129,https://github.com/shrey141102/PythonProjects/pull/132,https://github.com/shrey141102/PythonProjects/pull/124,https://github.com/shrey141102/PythonProjects/pull/146,https://github.com/shrey141102/PythonProjects/pull/144,https://github.com/shrey141102/PythonProjects/pull/143,https://github.com/shrey141102/PythonProjects/pull/141,https://github.com/shrey141102/PythonProjects/pull/134,https://github.com/shrey141102/PythonProjects/pull/147",37,,
88,2023-11-25 10:00:59.973278+00,2023-11-28 09:40:35.757462+00,,Javascript Projects,"A collection of short and fun projects made using HTML, CSS and JS.","javascript,html,css",https://github.com/shrey141102/Javascript-projects,https://discord.gg/dqCG4pVyXf,https://github.com/shrey141102/Javascript-projects/blob/main/README.md,true,1704815083,89,43,16461,998,"ellow0rld,sambitsingha,Mehul237,Baron105,Yarlin16,Gaurav0203Shetty,Kgpianghosh006,Paarisha1,Shivam250702,SHIVAKUMAR-KS,Preeti8021,Souvik34,Cgarg9,Omar-Nabil,Surajit0573,Ritwika-14,Shreyasb1015,supr1yo,praveen-p09,pinak22dhir","https://github.com/shrey141102/Javascript-projects/pull/182,https://github.com/shrey141102/Javascript-projects/pull/178,https://github.com/shrey141102/Javascript-projects/pull/175,https://github.com/shrey141102/Javascript-projects/pull/173,https://github.com/shrey141102/Javascript-projects/pull/171,https://github.com/shrey141102/Javascript-projects/pull/170,https://github.com/shrey141102/Javascript-projects/pull/168,https://github.com/shrey141102/Javascript-projects/pull/164,https://github.com/shrey141102/Javascript-projects/pull/163,https://github.com/shrey141102/Javascript-projects/pull/162,https://github.com/shrey141102/Javascript-projects/pull/159,https://github.com/shrey141102/Javascript-projects/pull/155,https://github.com/shrey141102/Javascript-projects/pull/153,https://github.com/shrey141102/Javascript-projects/pull/143,https://github.com/shrey141102/Javascript-projects/pull/141,https://github.com/shrey141102/Javascript-projects/pull/137,https://github.com/shrey141102/Javascript-projects/pull/136,https://github.com/shrey141102/Javascript-projects/pull/135,https://github.com/shrey141102/Javascript-projects/pull/129,https://github.com/shrey141102/Javascript-projects/pull/128,https://github.com/shrey141102/Javascript-projects/pull/127,https://github.com/shrey141102/Javascript-projects/pull/125,https://github.com/shrey141102/Javascript-projects/pull/123,https://github.com/shrey141102/Javascript-projects/pull/118,https://github.com/shrey141102/Javascript-projects/pull/116,https://github.com/shrey141102/Javascript-projects/pull/109,https://github.com/shrey141102/Javascript-projects/pull/107,https://github.com/shrey141102/Javascript-projects/pull/185,https://github.com/shrey141102/Javascript-projects/pull/188,https://github.com/shrey141102/Javascript-projects/pull/186,https://github.com/shrey141102/Javascript-projects/pull/194,https://github.com/shrey141102/Javascript-projects/pull/202,https://github.com/shrey141102/Javascript-projects/pull/197,https://github.com/shrey141102/Javascript-projects/pull/196,https://github.com/shrey141102/Javascript-projects/pull/190,https://github.com/shrey141102/Javascript-projects/pull/206,https://github.com/shrey141102/Javascript-projects/pull/203,https://github.com/shrey141102/Javascript-projects/pull/207,https://github.com/shrey141102/Javascript-projects/pull/209,https://github.com/shrey141102/Javascript-projects/pull/212,https://github.com/shrey141102/Javascript-projects/pull/211,https://github.com/shrey141102/Javascript-projects/pull/210,https://github.com/shrey141102/Javascript-projects/pull/215",37,,